CREATE TABLE ASSIGNMENT (
  ANAME varchar(20) PRIMARY KEY NOT NULL,
  CANUM decimal(10,0) NOT NULL,
  AID decimal(3,0) NOT NULL,
  ADEPT decimal(9,0) NOT NULL,
  APROF decimal(9,0) NOT NULL,
  SCORE varchar(3) DEFAULT NULL,
  TOTAL varchar(3) NOT NULL,
  WEIGHT varchar(3) NOT NULL,
  FOREIGN KEY (CANUM) REFERENCES COURSE (CNUM),
  FOREIGN KEY (AID) REFERENCES SECTION (ID),
  FOREIGN KEY (ADEPT) REFERENCES DEPARTMENT (NUMBER),
  FOREIGN KEY (APROF) REFERENCES PROFESSOR (PSSN));

INSERT INTO ASSIGNMENT VALUES ('Assignment 1',123,407,13579,112367988,'10','10','2.9'),('Assignment 2',123,407,13579,112367988,'10','10','2.9'),('Assignment 3',123,407,13579,112367988,'10','10','2.9'),('Assignment 4',123,407,13579,112367988,'10','10','2.9'),('Final Exam',123,407,13579,112367988,'96','100','45'),('Midterm Exam',123,407,13579,112367988,'88','100','35'),('Task 1',123,407,13579,112367988,'9.3','10','2.9'),('Task 2',123,407,13579,112367988,'9.4','10','2.9'),('Task 3',123,407,13579,112367988,'9.4','10','2.9');

CREATE TABLE COURSE (
  CNUM decimal(10,0) PRIMARY KEY NOT NULL,
  CNAME varchar(30) NOT NULL,
  TEXTBOOK varchar(50) DEFAULT NULL,
  UNITS tinyint NOT NULL,
  CDEPT decimal(9,0) NOT NULL,
  PREQS varchar(30) DEFAULT NULL,
  (CDEPT) REFERENCES DEPARTMENT (NUMBER));

INSERT INTO COURSE VALUES (100,'CPSC 121','OOP in C++ 3rd Edition',3,13579,'CPSC 120'),(101,'BIOL 101','OpenStax Elements of Biology',3,14418,NULL),(102,'MATH 270A','Discrete Stuctures I',3,2468,'MATH 150A'),(103,'ENGL 101',NULL,3,12109,NULL),(104,'MATH 150A','Essential Calculus',4,2468,NULL),(105,'MATH 150B','Essential Calculus',4,2468,'MATH 150A'),(106,'MATH 270B','Discrete Stuctures II',3,2468,'MATH 270A'),(107,'VIET 101','Hanh Trang Ngon Ngu',5,77212,NULL),(108,'THTR 110',NULL,3,77212,NULL),(109,'CPSC 131','Classic Data Stuctures 2nd Edition',3,13579,'CPSC 121'),(110,'MATH 338',NULL,4,2468,'MATH 150A'),(111,'PSYC 101','Psychology in Modules 12th Edition',3,38156,NULL),(112,'CPSC 240','Assembly Language/x86 Processors',3,13579,'CPSC 131'),(113,'PHYS 255','Wiley Plus',3,11481,'MATH 150A'),(114,'PHYS 255L',NULL,1,11481,'PHYS 255'),(115,'CPSC 332','Fundamentals of Database Systems',3,13579,'CPSC 131'),(116,'MATH 250A','Essential Calculus',4,2468,'MATH 150B'),(117,'VIET 102','Hang Trang Ngon Ngu',5,77212,'VIET 101'),(118,'CPSC 311',NULL,3,13579,'CPSC 131'),(119,'CPSC 323','Compiler Construction',3,13579,'CPSC 131'),(120,'BIOL 101L',NULL,1,14418,'BIOL 101'),(121,'ART 101','Art Appreciation',3,87638,NULL),(122,'POSC 100','We the People',3,87639,NULL),(123,'CPSC 440','Computer Architecture and Design',3,13579,NULL);

CREATE TABLE DEPARTMENT (
  NUMBER decimal(9,0) PRIMARY KEY NOT NULL,
  NAME char(40) NOT NULL,
  PHONE decimal(10,0) DEFAULT NULL,
  OFFLOCATION varchar(20) NOT NULL,
  CHAIRPERSON decimal(9,0) NOT NULL,
  FOREIGN KEY (CHAIRPERSON) REFERENCES PROFESSOR (PSSN));

INSERT INTO DEPARTMENT VALUES (2468,'Mathematics',7141230022,'McCarthy Hall',135138335),(11481,'Physics',7141188662,'McCarthy Hall',237621535),(12109,'English',7141519033,'Gordon Hall',527786374),(13579,'Computer Science',7141230011,'PO Box 6870',528523551),(14418,'Biology',7141553645,'McCarthy Hall',212287431),(38156,'Psychology',7141896593,'Gordon Hall',506333141),(77212,'Ling and Comm',7140800645,'Langsdorf Hall',680706287),(87638,'Art',7140402933,'Langsdorf Hall',2267988),(87639,'Humanities',7143333333,'Langsdorf Hall',102267988);

CREATE TABLE ENROLL (
  STDNT decimal(9,0) PRIMARY KEY NOT NULL,
  SSECTION decimal(3,0) NOT NULL,
  CSECTION decimal(10,0) NOT NULL,
  GRADE enum('A+','A-','A','B+','B','B-','C+','C','C-','D+','D','D-','F+','F','F-','W','IP') NOT NULL,
  EYEARS decimal(4,0) NOT NULL,
  ESEMESTER varchar(10) NOT NULL,
  FOREIGN KEY (STDNT) REFERENCES STUDENT (CWID),
  FOREIGN KEY (SSECTION, CSECTION, EYEARS, ESEMESTER) REFERENCES SECTION (ID, CSNUM, YEARS, SEMESTER));

INSERT INTO ENROLL VALUES (111111111,101,104,'A',2019,'FALL'),(111111111,105,100,'B',2019,'FALL'),(111111111,106,103,'B',2019,'FALL'),(111111111,109,101,'B+',2019,'FALL'),(111111111,111,102,'A',2019,'FALL'),(111111111,202,107,'A+',2020,'SPRING'),(111111111,203,109,'A',2020,'SPRING'),(111111111,204,106,'A+',2020,'SPRING'),(111111111,205,110,'A',2020,'SUMMER'),(111111111,212,105,'A-',2020,'SPRING'),(111111111,222,108,'A',2020,'SPRING'),(111111111,301,111,'A',2020,'FALL'),(111111111,302,112,'A',2020,'FALL'),(111111111,303,113,'A-',2020,'FALL'),(111111111,304,114,'A-',2020,'FALL'),(111111111,305,115,'A',2020,'FALL'),(111111111,306,116,'A+',2020,'FALL'),(111111111,401,117,'A+',2021,'SPRING'),(111111111,402,118,'B+',2021,'SPRING'),(111111111,403,119,'A+',2021,'SPRING'),(111111111,404,120,'A',2021,'SPRING'),(111111111,405,121,'A',2021,'SPRING'),(111111111,406,122,'A',2021,'SUMMER'),(111111111,407,123,'A',2021,'SUMMER');

CREATE TABLE PROFESSOR (
  PSSN decimal(9,0) PRIMARY KEY NOT NULL,
  PNAME varchar(40) NOT NULL,
  PADDRESS varchar(20) NOT NULL,
  PCITY varchar(20) NOT NULL,
  PSTATE char(2) NOT NULL,
  PZIP char(5) NOT NULL,
  AREACODE decimal(3,0) NOT NULL,
  PTELEPHONE decimal(7,0) NOT NULL,
  SEX enum('M','F') NOT NULL,
  TITLE char(20) NOT NULL,
  SALARY decimal(65,0) NOT NULL);

INSERT INTO PROFESSOR VALUES (2267988,'Daniel Pouffle','Ladera Vista Dr','Fullerton','CA','92831',714,8546395,'M','Full Time Prof',684200),(9109817,'Miguel Torres Cruz','Cedarhill Pl','Fullerton','CA','92831',657,5555555,'M','Full Time Prof',958398),(35365162,'Yu Bai','Cypress Way','Fullerton','CA','92831',657,2222222,'M','Full Time Prof',592798),(49208519,'Regan Jones','Ball St.','Fullerton','CA','92331',945,9999999,'F','Assoc. Prof',30000),(102267988,'Robert Castro','Ransom Vista Dr','Fullerton','CA','92831',714,3334444,'M','Part Time Prof',834224),(112367988,'Ning Chen','High Valley Dr.','Fullerton','CA','92341',714,3345244,'M','Full Time Prof',73224),(135086828,'Shilpa Lakhanpal','Christie St','Fullerton','CA','92831',657,2787305,'F','Full Time Prof',121705),(135138335,'Jingwen Zhang','Carhart Ave','Fullerton','CA','92831',657,2783631,'F','Part Time Prof',197025),(212287431,'Carol Chaffee','Wood Rd','Fullerton','CA','92831',657,2787098,'F','Full Time Prof',100000),(237621535,'Shovit Bhari','Dale Pl','Fullerton','CA','92831',657,2782148,'M','Full Time Prof',581648),(289600565,'Bach Ho','Emery Ranch Pl','Fullerton','CA','92831',714,6837394,'M','Full Time Prof',615426),(383969626,'Vy Pham','Egerer Pl','Fullerton','CA','92831',714,9886714,'F','Part Time Prof',901400),(417982502,'Paul Farnham','Cedarbrook Dr','Fullerton','CA','92831',714,9927395,'M','Part Time Prof',472363),(425746136,'Kimberlee Normura','Cedarhill E','Fullerton','CA','92831',657,7777777,'F','Assoc. Prof',692389),(433143424,'Christine Phan','Evans St','Fullerton','CA','92831',714,2788097,'F','Part Time Prof',767675),(505908792,'Valerie Poynor','Courtney Ave','Fullerton','CA','92831',714,1111111,'F','Full Time Prof',409418),(506333141,'Christine Scher','Capistrano Cir','Fullerton','CA','92831',714,2788428,'F','Full Time Prof',347265),(511121623,'Anthony Le','El Adobe Pl','Fullerton','CA','92831',714,6278251,'M','Full Time Prof',917418),(522841887,'C. Converse','Blackpine Ct','Fullerton','CA','92831',657,2782886,'F','Part Time Prof',936026),(527786374,'Sara Barrios','Blackberry Ct','Fullerton','CA','92831',657,2788707,'F','Full Time Prof',686984),(528523551,'Sara Ghadami','Hall Rd','Fullerton','CA','92831',657,2787022,'F','Full Time Prof',120000),(532520761,'Shawn Wang','Dalewood Ave','Fullerton','CA','92831',714,1234567,'M','Dept Chair Prof',284973),(545921323,'George Arthur','Dawns Way','Fullerton','CA','92831',714,7654321,'M','Part Time Prof',811760),(680706287,'Linh Khanh Nguyen','Cedarhill Ln','Fullerton','CA','92831',657,2788244,'F','Full Time Prof',218150);

CREATE TABLE SECTION (
  ID decimal(3,0) PRIMARY KEY NOT NULL,
  CSNUM decimal(10,0) NOT NULL,
  CLASSROOM varchar(10) NOT NULL,
  SEATS decimal(50,0) NOT NULL,
  DAYS char(10) NOT NULL,
  STIME decimal(4,0) NOT NULL,
  ETIME decimal(4,0) NOT NULL,
  PROF decimal(9,0) NOT NULL,
  YEARS decimal(4,0) NOT NULL,
  SEMESTER varchar(10) NOT NULL,
  FOREIGN KEY (CSNUM) REFERENCES COURSE (CNUM),
  FOREIGN KEY (PROF) REFERENCES PROFESSOR (PSSN));

INSERT INTO SECTION VALUES (101,104,'24',38,'T TH',700,850,522841887,2019,'FALL'),(105,100,'21',35,'M W',1130,1220,528523551,2019,'FALL'),(106,103,'23',28,'M W F',800,850,527786374,2019,'FALL'),(109,101,'20',60,'M W',530,645,212287431,2019,'FALL'),(111,102,'22',30,'M W',230,330,135138335,2019,'FALL'),(202,107,'27',25,'M W',100,315,680706287,2020,'SPRING'),(203,109,'29',55,'M W',530,645,135086828,2020,'SPRING'),(204,106,'26',30,'M W F',900,950,425746136,2020,'SPRING'),(205,110,'30',45,'M T W TH',430,640,505908792,2020,'SUMMER'),(212,105,'25',50,'M W TH F',800,850,417982502,2020,'SPRING'),(222,108,'28',100,'M T W TH F',1200,1250,9109817,2020,'SPRING'),(301,111,'31',60,'M T W TH F',300,545,506333141,2020,'FALL'),(302,112,'32',40,'M W',800,950,35365162,2020,'FALL'),(303,113,'33',60,'M W',530,645,237621535,2020,'FALL'),(304,114,'34',18,'F',1200,1250,49208519,2020,'FALL'),(305,115,'35',36,'M W',230,345,532520761,2020,'FALL'),(306,116,'36',35,'M W',1000,1150,545921323,2020,'FALL'),(401,117,'37',30,'M W',1200,215,383969626,2021,'SPRING'),(402,118,'38',47,'M W',230,345,289600565,2021,'SPRING'),(403,119,'39',30,'T TH',1000,1115,511121623,2021,'SPRING'),(404,120,'40',33,'F',1100,115,433143424,2021,'SPRING'),(405,121,'41',70,'M T W TH F',800,850,2267988,2021,'SPRING'),(406,122,'33',40,'M T W TH F',800,900,102267988,2021,'SUMMER'),(407,123,'40',1,'M W TH',1030,130,112367988,2021,'SUMMER');

CREATE TABLE STUDENT (
  CWID decimal(9,0) PRIMARY KEY NOT NULL,
  FNAME varchar(20) NOT NULL,
  LNAME varchar(20) NOT NULL,
  STADDRESS varchar(20) NOT NULL,
  SCITY varchar(20) NOT NULL,
  SSTATE char(2) NOT NULL,
  SZIPCODE char(5) NOT NULL,
  TELEPHONE decimal(10,0) NOT NULL,
  MAJOR decimal(9,0) NOT NULL,
  MINOR decimal(9,0) DEFAULT NULL,
  FOREIGN KEY (MAJOR) REFERENCES DEPARTMENT (NUMBER),
  FOREIGN KEY (MINOR) REFERENCES DEPARTMENT (NUMBER));

INSERT INTO STUDENT VALUES (111111111,'Jason','Duong','1111 Cool St','Pretty Flowers','CA','12345',7141111111,13579,NULL);
